keyword,breathwork,breathwork,guided meditation,guided meditation,meditation,meditation,mindfulness,mindfulness,yoga nidra,yoga nidra
query_type,rising,top,rising,top,rising,top,rising,top,rising,top
related_query,,,,,,,,,,
10 minute guided meditation,0.0,0.0,0.0,9.0,0.0,0.0,0.0,0.0,0.0,0.0
10 minute guided meditation for sleep,0.0,0.0,100.0,0.0,0.0,0.0,0.0,0.0,0.0,0.0
15 minute guided meditation,0.0,0.0,110.0,0.0,0.0,0.0,0.0,0.0,0.0,0.0
20 minute guided meditation,0.0,0.0,80.0,0.0,0.0,0.0,0.0,0.0,0.0,0.0
30 minute guided meditation,0.0,0.0,90.0,0.0,0.0,0.0,0.0,0.0,0.0,0.0
5 minute meditation,0.0,0.0,0.0,0.0,110.0,0.0,0.0,0.0,0.0,0.0
5 minute meditation guided,0.0,0.0,90.0,0.0,0.0,0.0,0.0,0.0,0.0,0.0
9d breathwork,11100.0,12.0,0.0,0.0,0.0,0.0,0.0,0.0,0.0,0.0
anabel otero yoga nidra,0.0,0.0,0.0,0.0,0.0,0.0,0.0,0.0,27900.0,0.0
andrew huberman,0.0,0.0,0.0,0.0,0.0,0.0,0.0,0.0,8150.0,0.0
andrew huberman yoga nidra,0.0,0.0,0.0,0.0,0.0,0.0,0.0,0.0,3650.0,0.0
anika henkelmann meditation,0.0,0.0,0.0,0.0,10850.0,0.0,0.0,0.0,0.0,0.0
best breathwork app,250.0,0.0,0.0,0.0,0.0,0.0,0.0,0.0,0.0,0.0
best guided meditation,0.0,0.0,0.0,17.0,0.0,0.0,0.0,0.0,0.0,0.0
best guided meditation youtube,0.0,0.0,70.0,0.0,0.0,0.0,0.0,0.0,0.0,0.0
best guided sleep meditation jason stephenson,0.0,0.0,950.0,0.0,0.0,0.0,0.0,0.0,0.0,0.0
boho beautiful meditation,0.0,0.0,0.0,0.0,700.0,0.0,0.0,0.0,0.0,0.0
breath work,0.0,16.0,0.0,0.0,0.0,0.0,0.0,0.0,0.0,0.0
breathwork app,0.0,13.0,0.0,0.0,0.0,0.0,0.0,0.0,0.0,0.0
breathwork ausbildung,300.0,0.0,0.0,0.0,0.0,0.0,0.0,0.0,0.0,0.0
breathwork benefits,0.0,22.0,0.0,0.0,0.0,0.0,0.0,0.0,0.0,0.0
breathwork certification,0.0,15.0,0.0,0.0,0.0,0.0,0.0,0.0,0.0,0.0
breathwork class,0.0,14.0,0.0,0.0,0.0,0.0,0.0,0.0,0.0,0.0
breathwork class london,750.0,0.0,0.0,0.0,0.0,0.0,0.0,0.0,0.0,0.0
breathwork class near me,300.0,0.0,0.0,0.0,0.0,0.0,0.0,0.0,0.0,0.0
breathwork classes,0.0,16.0,0.0,0.0,0.0,0.0,0.0,0.0,0.0,0.0
breathwork coach,0.0,11.0,0.0,0.0,0.0,0.0,0.0,0.0,0.0,0.0
breathwork course,0.0,14.0,0.0,0.0,0.0,0.0,0.0,0.0,0.0,0.0
breathwork facilitator,0.0,14.0,0.0,0.0,0.0,0.0,0.0,0.0,0.0,0.0
breathwork instructor,350.0,0.0,0.0,0.0,0.0,0.0,0.0,0.0,0.0,0.0
breathwork meaning,0.0,11.0,0.0,0.0,0.0,0.0,0.0,0.0,0.0,0.0
breathwork meditation,0.0,41.0,0.0,0.0,0.0,0.0,0.0,0.0,0.0,0.0
breathwork movement,190.0,0.0,0.0,0.0,0.0,0.0,0.0,0.0,0.0,0.0
breathwork near me,0.0,32.0,0.0,0.0,0.0,0.0,0.0,0.0,0.0,0.0
breathwork o que é,800.0,0.0,0.0,0.0,0.0,0.0,0.0,0.0,0.0,0.0
breathwork online,0.0,22.0,0.0,0.0,0.0,0.0,0.0,0.0,0.0,0.0
breathwork que es,300.0,0.0,0.0,0.0,0.0,0.0,0.0,0.0,0.0,0.0
breathwork retreat,0.0,12.0,0.0,0.0,0.0,0.0,0.0,0.0,0.0,0.0
breathwork sessie,19950.0,0.0,0.0,0.0,0.0,0.0,0.0,0.0,0.0,0.0
breathwork techniques,0.0,12.0,0.0,0.0,0.0,0.0,0.0,0.0,0.0,0.0
breathwork therapy,0.0,14.0,0.0,0.0,0.0,0.0,0.0,0.0,0.0,0.0
breathwork training,0.0,59.0,0.0,0.0,0.0,0.0,0.0,0.0,0.0,0.0
breathwork youtube,0.0,13.0,0.0,0.0,0.0,0.0,0.0,0.0,0.0,0.0
cedric michel yoga nidra,0.0,0.0,0.0,0.0,0.0,0.0,0.0,0.0,0.0,15.0
chakra meditation,0.0,0.0,0.0,0.0,0.0,19.0,0.0,0.0,0.0,0.0
chakra meditation guided,0.0,0.0,0.0,9.0,0.0,0.0,0.0,0.0,0.0,0.0
conscious connected breathwork,200.0,0.0,0.0,0.0,0.0,0.0,0.0,0.0,0.0,0.0
dr joe dispenza meditation,0.0,0.0,0.0,0.0,180.0,0.0,0.0,0.0,0.0,0.0
formation breathwork,500.0,0.0,0.0,0.0,0.0,0.0,0.0,0.0,0.0,0.0
free guided meditation,0.0,0.0,0.0,15.0,0.0,0.0,0.0,0.0,0.0,0.0
free guided meditation for sleep,0.0,0.0,60.0,0.0,0.0,0.0,0.0,0.0,0.0,0.0
free guided meditation for sleep and anxiety,0.0,0.0,450.0,0.0,0.0,0.0,0.0,0.0,0.0,0.0
gary brecka breathwork,31500.0,0.0,0.0,0.0,0.0,0.0,0.0,0.0,0.0,0.0
guided breathing meditation,0.0,0.0,60.0,0.0,0.0,0.0,0.0,0.0,0.0,0.0
guided meditation,0.0,0.0,0.0,0.0,0.0,74.0,0.0,0.0,0.0,0.0
guided meditation 5 minutes,0.0,0.0,80.0,0.0,0.0,0.0,0.0,0.0,0.0,0.0
guided meditation anxiety,0.0,0.0,0.0,22.0,0.0,0.0,0.0,0.0,0.0,0.0
guided meditation for anxiety,0.0,0.0,90.0,19.0,0.0,0.0,0.0,0.0,0.0,0.0
guided meditation for anxiety and overthinking,0.0,0.0,1750.0,0.0,0.0,0.0,0.0,0.0,0.0,0.0
guided meditation for anxiety and sleep,0.0,0.0,130.0,0.0,0.0,0.0,0.0,0.0,0.0,0.0
guided meditation for healing,0.0,0.0,0.0,9.0,0.0,0.0,0.0,0.0,0.0,0.0
guided meditation for healing the body,0.0,0.0,100.0,0.0,0.0,0.0,0.0,0.0,0.0,0.0
guided meditation for self love,0.0,0.0,70.0,0.0,0.0,0.0,0.0,0.0,0.0,0.0
guided meditation for sleep,0.0,0.0,0.0,34.0,0.0,0.0,0.0,0.0,0.0,0.0
guided meditation for sleep and healing,0.0,0.0,80.0,0.0,0.0,0.0,0.0,0.0,0.0,0.0
guided meditation for stress and anxiety,0.0,0.0,90.0,0.0,0.0,0.0,0.0,0.0,0.0,0.0
guided meditation healing,0.0,0.0,0.0,19.0,0.0,0.0,0.0,0.0,0.0,0.0
guided meditation kids,0.0,0.0,0.0,9.0,0.0,0.0,0.0,0.0,0.0,0.0
guided meditation morning,0.0,0.0,0.0,11.0,0.0,0.0,0.0,0.0,0.0,0.0
guided meditation music,0.0,0.0,0.0,9.0,0.0,0.0,0.0,0.0,0.0,0.0
guided meditation script,0.0,0.0,0.0,15.0,0.0,0.0,0.0,0.0,0.0,0.0
guided meditation sleep,0.0,0.0,0.0,0.0,0.0,17.0,0.0,0.0,0.0,0.0
guided meditation youtube,0.0,0.0,0.0,33.0,0.0,0.0,0.0,0.0,0.0,0.0
guided yoga nidra,0.0,0.0,0.0,0.0,0.0,0.0,0.0,0.0,0.0,8.0
healing meditation,0.0,0.0,0.0,0.0,0.0,26.0,0.0,0.0,0.0,0.0
holotropic breathwork,0.0,100.0,0.0,0.0,0.0,0.0,0.0,0.0,0.0,0.0
huberman yoga nidra,0.0,0.0,0.0,0.0,0.0,0.0,0.0,0.0,8200.0,12.0
inward breathwork,350.0,0.0,0.0,0.0,0.0,0.0,0.0,0.0,0.0,0.0
jason stephenson guided meditation,0.0,0.0,110.0,15.0,0.0,0.0,0.0,0.0,0.0,0.0
jason stephenson guided meditation sleep 30 minutes,0.0,0.0,2650.0,0.0,0.0,0.0,0.0,0.0,0.0,0.0
joe dispenza,0.0,0.0,0.0,0.0,200.0,0.0,0.0,0.0,0.0,0.0
joe dispenza guided meditation,0.0,0.0,190.0,0.0,0.0,0.0,0.0,0.0,0.0,0.0
joe dispenza meditation,0.0,0.0,0.0,0.0,250.0,17.0,0.0,0.0,0.0,0.0
joe dispenza morning meditation,0.0,0.0,0.0,0.0,750.0,0.0,0.0,0.0,0.0,0.0
kelly boys yoga nidra,0.0,0.0,0.0,0.0,0.0,0.0,0.0,0.0,11400.0,0.0
kids meditation,0.0,0.0,0.0,0.0,0.0,19.0,0.0,0.0,0.0,0.0
mady morrison meditation,0.0,0.0,0.0,0.0,650.0,0.0,0.0,0.0,0.0,0.0
matcha meditation,0.0,0.0,0.0,0.0,2300.0,0.0,0.0,0.0,0.0,0.0
meaning of mindfulness,0.0,0.0,0.0,0.0,0.0,0.0,180.0,0.0,0.0,0.0
meditación guiada mindfulness,0.0,0.0,0.0,0.0,0.0,0.0,300.0,0.0,0.0,0.0
meditación mindfulness,0.0,0.0,0.0,0.0,0.0,0.0,190.0,0.0,0.0,0.0
meditation,0.0,0.0,0.0,0.0,0.0,0.0,0.0,100.0,0.0,63.0
meditation and mindfulness,0.0,0.0,0.0,0.0,0.0,0.0,0.0,18.0,0.0,0.0
meditation app,0.0,0.0,0.0,0.0,0.0,23.0,0.0,0.0,0.0,0.0
meditation benefits,0.0,0.0,0.0,0.0,0.0,21.0,0.0,0.0,0.0,0.0
meditation cedric michel,0.0,0.0,0.0,0.0,190.0,0.0,0.0,0.0,0.0,0.0
meditation centre near me,0.0,0.0,0.0,0.0,500.0,0.0,0.0,0.0,0.0,0.0
meditation du matin,0.0,0.0,0.0,0.0,110.0,0.0,0.0,0.0,0.0,0.0
meditation einschlafen,0.0,0.0,0.0,0.0,200.0,0.0,0.0,0.0,0.0,0.0
meditation for anxiety,0.0,0.0,80.0,18.0,0.0,17.0,0.0,0.0,0.0,0.0
meditation for sleep,0.0,0.0,0.0,34.0,0.0,31.0,0.0,0.0,0.0,0.0
meditation kaise kare,0.0,0.0,0.0,0.0,200.0,0.0,0.0,0.0,0.0,0.0
meditation lacher prise,0.0,0.0,0.0,0.0,130.0,0.0,0.0,0.0,0.0,0.0
meditation meaning,0.0,0.0,0.0,0.0,0.0,35.0,0.0,0.0,0.0,0.0
meditation meaning in hindi,0.0,0.0,0.0,0.0,110.0,0.0,0.0,0.0,0.0,0.0
meditation music,0.0,0.0,0.0,8.0,0.0,99.0,0.0,0.0,0.0,0.0
meditation near me,0.0,0.0,0.0,0.0,0.0,21.0,0.0,0.0,0.0,0.0
meditation pour dormir,0.0,0.0,0.0,0.0,250.0,0.0,0.0,0.0,0.0,0.0
meditation retreat,0.0,0.0,0.0,0.0,0.0,17.0,0.0,0.0,0.0,0.0
meditation youtube,0.0,0.0,0.0,0.0,0.0,73.0,0.0,0.0,0.0,0.0
meditation zum einschlafen,0.0,0.0,0.0,0.0,250.0,0.0,0.0,0.0,0.0,0.0
mike meditation,0.0,0.0,0.0,0.0,140.0,0.0,0.0,0.0,0.0,0.0
mindful,0.0,0.0,0.0,0.0,0.0,0.0,0.0,22.0,0.0,0.0
mindful movement sleep meditation,0.0,0.0,0.0,0.0,600.0,0.0,0.0,0.0,0.0,0.0
mindfulness,0.0,0.0,0.0,9.0,0.0,33.0,0.0,0.0,0.0,0.0
mindfulness activities,0.0,0.0,0.0,0.0,0.0,0.0,0.0,19.0,0.0,0.0
mindfulness adalah,0.0,0.0,0.0,0.0,0.0,0.0,600.0,0.0,0.0,0.0
mindfulness app,0.0,0.0,0.0,0.0,0.0,0.0,0.0,18.0,0.0,0.0
mindfulness artinya,0.0,0.0,0.0,0.0,0.0,0.0,950.0,0.0,0.0,0.0
mindfulness book,0.0,0.0,0.0,0.0,0.0,0.0,0.0,15.0,0.0,0.0
mindfulness books,0.0,0.0,0.0,0.0,0.0,0.0,0.0,13.0,0.0,0.0
mindfulness co to,0.0,0.0,0.0,0.0,0.0,0.0,350.0,0.0,0.0,0.0
mindfulness colouring,0.0,0.0,0.0,0.0,0.0,0.0,0.0,14.0,0.0,0.0
mindfulness cos'è,0.0,0.0,0.0,0.0,0.0,0.0,450.0,0.0,0.0,0.0
mindfulness definition,0.0,0.0,0.0,0.0,0.0,0.0,0.0,18.0,0.0,0.0
mindfulness exercises,0.0,0.0,0.0,0.0,0.0,0.0,0.0,16.0,0.0,0.0
mindfulness for anxiety,0.0,0.0,0.0,0.0,0.0,0.0,0.0,11.0,0.0,0.0
mindfulness for kids,0.0,0.0,0.0,0.0,0.0,0.0,0.0,23.0,0.0,0.0
mindfulness guided meditation,0.0,0.0,0.0,10.0,0.0,0.0,0.0,0.0,0.0,0.0
mindfulness jelentése,0.0,0.0,0.0,0.0,0.0,0.0,180.0,0.0,0.0,0.0
mindfulness là gì,0.0,0.0,0.0,0.0,0.0,0.0,250.0,0.0,0.0,0.0
mindfulness meaning,0.0,0.0,0.0,0.0,0.0,0.0,190.0,35.0,0.0,0.0
mindfulness meaning in hindi,0.0,0.0,0.0,0.0,0.0,0.0,250.0,0.0,0.0,0.0
mindfulness meditation,0.0,0.0,0.0,10.0,0.0,33.0,0.0,95.0,0.0,0.0
mindfulness music,0.0,0.0,0.0,0.0,0.0,0.0,0.0,16.0,0.0,0.0
mindfulness ne demek,0.0,0.0,0.0,0.0,0.0,0.0,250.0,0.0,0.0,0.0
mindfulness nedir,0.0,0.0,0.0,0.0,0.0,0.0,250.0,0.0,0.0,0.0
mindfulness o que é,0.0,0.0,0.0,0.0,0.0,0.0,250.0,0.0,0.0,0.0
mindfulness online,0.0,0.0,0.0,0.0,0.0,0.0,0.0,13.0,0.0,0.0
mindfulness para asesinos,0.0,0.0,0.0,0.0,0.0,0.0,18250.0,0.0,0.0,0.0
mindfulness para dormir,0.0,0.0,0.0,0.0,0.0,0.0,170.0,0.0,0.0,0.0
mindfulness pdf,0.0,0.0,0.0,0.0,0.0,0.0,0.0,26.0,0.0,0.0
mindfulness practice,0.0,0.0,0.0,0.0,0.0,0.0,0.0,22.0,0.0,0.0
mindfulness practices,0.0,0.0,0.0,0.0,0.0,0.0,250.0,0.0,0.0,0.0
mindfulness que es,0.0,0.0,0.0,0.0,0.0,0.0,170.0,28.0,0.0,0.0
mindfulness que es y como se práctica,0.0,0.0,0.0,0.0,0.0,0.0,3050.0,0.0,0.0,0.0
mindfulness que es y para que sirve,0.0,0.0,0.0,0.0,0.0,0.0,180.0,0.0,0.0,0.0
mindfulness significato,0.0,0.0,0.0,0.0,0.0,0.0,250.0,0.0,0.0,0.0
mindfulness techniques,0.0,0.0,0.0,0.0,0.0,0.0,0.0,11.0,0.0,0.0
mindfulness therapy,0.0,0.0,0.0,0.0,0.0,0.0,0.0,22.0,0.0,0.0
mindfulness traducción,0.0,0.0,0.0,0.0,0.0,0.0,500.0,0.0,0.0,0.0
mindfulness traduzione,0.0,0.0,0.0,0.0,0.0,0.0,130.0,0.0,0.0,0.0
mindfulness training,0.0,0.0,0.0,0.0,0.0,0.0,0.0,18.0,0.0,0.0
mindfulness yoga,0.0,0.0,0.0,0.0,0.0,0.0,0.0,18.0,0.0,0.0
mindfulness คือ,0.0,0.0,0.0,0.0,0.0,0.0,140.0,0.0,0.0,0.0
morning breathwork,200.0,0.0,0.0,0.0,0.0,0.0,0.0,0.0,0.0,0.0
morning meditation,0.0,0.0,0.0,0.0,0.0,29.0,0.0,0.0,0.0,0.0
neurodynamic breathwork,250.0,0.0,0.0,0.0,0.0,0.0,0.0,0.0,0.0,0.0
nidra yoga for sleep,0.0,0.0,0.0,0.0,0.0,0.0,0.0,0.0,0.0,63.0
nidra yoga meditation,0.0,0.0,0.0,0.0,0.0,0.0,0.0,0.0,0.0,64.0
non sleep deep rest,0.0,0.0,0.0,0.0,0.0,0.0,0.0,0.0,16150.0,0.0
nsdr,0.0,0.0,0.0,0.0,0.0,0.0,0.0,0.0,65300.0,7.0
nsdr huberman,0.0,0.0,0.0,0.0,0.0,0.0,0.0,0.0,15400.0,0.0
ohrinsel meditation,0.0,0.0,0.0,0.0,140.0,0.0,0.0,0.0,0.0,0.0
othership breathwork,25650.0,0.0,0.0,0.0,0.0,0.0,0.0,0.0,0.0,0.0
owaken breathwork,3250.0,0.0,0.0,0.0,0.0,0.0,0.0,0.0,0.0,0.0
peter beer meditation,0.0,0.0,0.0,0.0,300.0,0.0,0.0,0.0,0.0,0.0
pipersong meditation chair,0.0,0.0,0.0,0.0,9500.0,0.0,0.0,0.0,0.0,0.0
que es el mindfulness,0.0,0.0,0.0,0.0,0.0,0.0,180.0,0.0,0.0,0.0
ram dass guided meditation,0.0,0.0,130.0,0.0,0.0,0.0,0.0,0.0,0.0,0.0
rebirthing breathwork,0.0,11.0,0.0,0.0,0.0,0.0,0.0,0.0,0.0,0.0
replica matcha meditation,0.0,0.0,0.0,0.0,6700.0,0.0,0.0,0.0,0.0,0.0
self guided meditation,0.0,0.0,0.0,8.0,0.0,0.0,0.0,0.0,0.0,0.0
sleep guided meditation,0.0,0.0,0.0,95.0,0.0,0.0,0.0,0.0,0.0,0.0
sleep meditation,0.0,0.0,0.0,100.0,0.0,100.0,0.0,0.0,0.0,0.0
sleep yoga nidra,0.0,0.0,0.0,0.0,0.0,0.0,0.0,0.0,0.0,100.0
somatic breathwork,550.0,28.0,0.0,0.0,0.0,0.0,0.0,0.0,0.0,0.0
somatic breathwork near me,900.0,0.0,0.0,0.0,0.0,0.0,0.0,0.0,0.0,0.0
somatic release breathwork,30450.0,0.0,0.0,0.0,0.0,0.0,0.0,0.0,0.0,0.0
somatic therapy,200.0,0.0,0.0,0.0,0.0,0.0,0.0,0.0,0.0,0.0
the breathwork movement,650.0,0.0,0.0,0.0,0.0,0.0,0.0,0.0,0.0,0.0
tim morrison breathwork,400.0,0.0,0.0,0.0,0.0,0.0,0.0,0.0,0.0,0.0
tim rowe yoga nidra,0.0,0.0,0.0,0.0,0.0,0.0,0.0,0.0,250.0,0.0
transcendental meditation,0.0,0.0,0.0,0.0,0.0,23.0,0.0,0.0,0.0,0.0
vipassana,0.0,0.0,0.0,0.0,0.0,21.0,0.0,0.0,0.0,0.0
vipassana meditation,0.0,0.0,0.0,0.0,0.0,21.0,0.0,0.0,0.0,0.0
vipassana meditation centre,0.0,0.0,0.0,0.0,110.0,0.0,0.0,0.0,0.0,0.0
what is breathwork,0.0,36.0,0.0,0.0,0.0,0.0,0.0,0.0,0.0,0.0
what is guided meditation,0.0,0.0,110.0,0.0,0.0,0.0,0.0,0.0,0.0,0.0
what is meditation,0.0,0.0,0.0,0.0,0.0,43.0,0.0,0.0,0.0,0.0
what is mindfulness,0.0,0.0,0.0,0.0,0.0,0.0,0.0,43.0,0.0,0.0
what is yoga nidra,0.0,0.0,0.0,0.0,0.0,0.0,0.0,0.0,0.0,28.0
wim hof,0.0,12.0,0.0,0.0,0.0,0.0,0.0,0.0,0.0,0.0
wim hof breathwork,0.0,12.0,0.0,0.0,0.0,0.0,0.0,0.0,0.0,0.0
witality breathwork,2850.0,0.0,0.0,0.0,0.0,0.0,0.0,0.0,0.0,0.0
yin yoga,0.0,0.0,0.0,0.0,0.0,0.0,0.0,0.0,0.0,9.0
yoga,0.0,0.0,0.0,0.0,0.0,55.0,0.0,0.0,0.0,0.0
yoga meditation,0.0,0.0,0.0,0.0,0.0,53.0,0.0,0.0,0.0,0.0
yoga nidra 10 minutes,0.0,0.0,0.0,0.0,0.0,0.0,0.0,0.0,200.0,0.0
yoga nidra 20 minutes,0.0,0.0,0.0,0.0,0.0,0.0,0.0,0.0,250.0,0.0
yoga nidra ally boothroyd,0.0,0.0,0.0,0.0,0.0,0.0,0.0,0.0,131050.0,14.0
yoga nidra ally boothroyd sleep,0.0,0.0,0.0,0.0,0.0,0.0,0.0,0.0,27700.0,0.0
yoga nidra benefits,0.0,0.0,0.0,0.0,0.0,0.0,0.0,0.0,0.0,15.0
yoga nidra cédric michel,0.0,0.0,0.0,0.0,0.0,0.0,0.0,0.0,200.0,0.0
yoga nidra einschlafen,0.0,0.0,0.0,0.0,0.0,0.0,0.0,0.0,250.0,0.0
yoga nidra for sleep and anxiety,0.0,0.0,0.0,0.0,0.0,0.0,0.0,0.0,650.0,0.0
yoga nidra guided meditation,0.0,0.0,0.0,0.0,0.0,0.0,0.0,0.0,0.0,6.0
yoga nidra in hindi,0.0,0.0,0.0,0.0,0.0,0.0,0.0,0.0,0.0,8.0
yoga nidra lizzy hill,0.0,0.0,0.0,0.0,0.0,0.0,0.0,0.0,250.0,0.0
yoga nidra meaning,0.0,0.0,0.0,0.0,0.0,0.0,0.0,0.0,0.0,8.0
yoga nidra mindful movement,0.0,0.0,0.0,0.0,0.0,0.0,0.0,0.0,1350.0,0.0
yoga nidra nsdr,0.0,0.0,0.0,0.0,0.0,0.0,0.0,0.0,65350.0,7.0
yoga nidra online,0.0,0.0,0.0,0.0,0.0,0.0,0.0,0.0,0.0,8.0
yoga nidra para dormir,0.0,0.0,0.0,0.0,0.0,0.0,0.0,0.0,200.0,7.0
yoga nidra para dormir profundamente,0.0,0.0,0.0,0.0,0.0,0.0,0.0,0.0,500.0,0.0
yoga nidra pdf,0.0,0.0,0.0,0.0,0.0,0.0,0.0,0.0,0.0,11.0
yoga nidra per dormire,0.0,0.0,0.0,0.0,0.0,0.0,0.0,0.0,400.0,0.0
yoga nidra script,0.0,0.0,0.0,0.0,0.0,0.0,0.0,0.0,0.0,19.0
yoga nidra slaap,0.0,0.0,0.0,0.0,0.0,0.0,0.0,0.0,200.0,0.0
yoga nidra sleep meditation,0.0,0.0,0.0,0.0,0.0,0.0,0.0,0.0,0.0,9.0
yoga nidra sri sri,0.0,0.0,0.0,0.0,0.0,0.0,0.0,0.0,0.0,7.0
yoga nidra sömn,0.0,0.0,0.0,0.0,0.0,0.0,0.0,0.0,600.0,0.0
yoga nidra teacher training near me,0.0,0.0,0.0,0.0,0.0,0.0,0.0,0.0,300.0,0.0
yoga nidra training,0.0,0.0,0.0,0.0,0.0,0.0,0.0,0.0,0.0,12.0
yoga nidra you tube,0.0,0.0,0.0,0.0,0.0,0.0,0.0,0.0,0.0,6.0
yoga nidra youtube,0.0,0.0,0.0,0.0,0.0,0.0,0.0,0.0,0.0,82.0
youtube guided meditation for anxiety,0.0,0.0,100.0,0.0,0.0,0.0,0.0,0.0,0.0,0.0
youtube meditation,0.0,0.0,0.0,31.0,0.0,0.0,0.0,0.0,0.0,0.0
youtube mindfulness,0.0,0.0,0.0,0.0,0.0,0.0,0.0,20.0,0.0,0.0
